Antecedent (Item A),Consequent (Item B),Support,Confidence,Lift
WOODEN HEART CHRISTMAS SCANDINAVIAN,WOODEN STAR CHRISTMAS SCANDINAVIAN,0.0195,0.6897,26.51
WOODEN STAR CHRISTMAS SCANDINAVIAN,WOODEN HEART CHRISTMAS SCANDINAVIAN,0.0195,0.75,26.51
GREEN REGENCY TEACUP AND SAUCER,PINK REGENCY TEACUP AND SAUCER,0.0263,0.6601,20.75
PINK REGENCY TEACUP AND SAUCER,GREEN REGENCY TEACUP AND SAUCER,0.0263,0.8262,20.75
SPACEBOY LUNCH BOX,DOLLY GIRL LUNCH BOX,0.0204,0.6186,20.36
DOLLY GIRL LUNCH BOX,SPACEBOY LUNCH BOX,0.0204,0.6702,20.36
JUMBO BAG VINTAGE CHRISTMAS,JUMBO BAG 50'S CHRISTMAS,0.0154,0.6466,18.37
JUMBO BAG 50'S CHRISTMAS,JUMBO BAG VINTAGE CHRISTMAS,0.0154,0.4362,18.37
ROSES REGENCY TEACUP AND SAUCER,PINK REGENCY TEACUP AND SAUCER,0.0249,0.5674,17.84
PINK REGENCY TEACUP AND SAUCER,ROSES REGENCY TEACUP AND SAUCER,0.0249,0.7832,17.84
ROSES REGENCY TEACUP AND SAUCER,GREEN REGENCY TEACUP AND SAUCER,0.031,0.7052,17.71
GREEN REGENCY TEACUP AND SAUCER,ROSES REGENCY TEACUP AND SAUCER,0.031,0.7778,17.71
HAND WARMER SCOTTY DOG DESIGN,HAND WARMER BIRD DESIGN,0.0154,0.5163,17.29
HAND WARMER BIRD DESIGN,HAND WARMER SCOTTY DOG DESIGN,0.0154,0.5163,17.29
HAND WARMER SCOTTY DOG DESIGN,HAND WARMER OWL DESIGN,0.0181,0.6057,17.02
HAND WARMER OWL DESIGN,HAND WARMER SCOTTY DOG DESIGN,0.0181,0.5082,17.02
CHARLOTTE BAG PINK POLKADOT,RED RETROSPOT CHARLOTTE BAG,0.0182,0.6683,16.81
RED RETROSPOT CHARLOTTE BAG,CHARLOTTE BAG PINK POLKADOT,0.0182,0.4583,16.81
JUMBO BAG APPLES,JUMBO BAG PEARS,0.0181,0.4457,16.2
JUMBO BAG PEARS,JUMBO BAG APPLES,0.0181,0.6596,16.2
HAND WARMER BIRD DESIGN,HAND WARMER OWL DESIGN,0.0168,0.5643,15.86
HAND WARMER OWL DESIGN,HAND WARMER BIRD DESIGN,0.0168,0.4735,15.86
BAKING SET SPACEBOY DESIGN,BAKING SET 9 PIECE RETROSPOT,0.017,0.7218,15.43
BAKING SET 9 PIECE RETROSPOT,BAKING SET SPACEBOY DESIGN,0.017,0.3644,15.43
STRAWBERRY CHARLOTTE BAG,RED RETROSPOT CHARLOTTE BAG,0.0174,0.605,15.22
RED RETROSPOT CHARLOTTE BAG,STRAWBERRY CHARLOTTE BAG,0.0174,0.4386,15.22
GARDENERS KNEELING PAD CUP OF TEA,GARDENERS KNEELING PAD KEEP CALM,0.0298,0.7316,15.18
GARDENERS KNEELING PAD KEEP CALM,GARDENERS KNEELING PAD CUP OF TEA,0.0298,0.6181,15.18
SMALL WHITE HEART OF WICKER,LARGE WHITE HEART OF WICKER,0.018,0.4877,14.99
LARGE WHITE HEART OF WICKER,SMALL WHITE HEART OF WICKER,0.018,0.554,14.99
ALARM CLOCK BAKELIKE RED,ALARM CLOCK BAKELIKE IVORY,0.0184,0.3734,13.57
ALARM CLOCK BAKELIKE IVORY,ALARM CLOCK BAKELIKE RED,0.0184,0.669,13.57
ALARM CLOCK BAKELIKE RED,ALARM CLOCK BAKELIKE GREEN,0.0295,0.5989,13.44
ALARM CLOCK BAKELIKE GREEN,ALARM CLOCK BAKELIKE RED,0.0295,0.6628,13.44
HOT WATER BOTTLE I AM SO POORLY,CHOCOLATE HOT WATER BOTTLE,0.0179,0.5694,13.32
CHOCOLATE HOT WATER BOTTLE,HOT WATER BOTTLE I AM SO POORLY,0.0179,0.4186,13.32
CHARLOTTE BAG SUKI DESIGN,RED RETROSPOT CHARLOTTE BAG,0.0173,0.5257,13.23
RED RETROSPOT CHARLOTTE BAG,CHARLOTTE BAG SUKI DESIGN,0.0173,0.4354,13.23
ALARM CLOCK BAKELIKE RED,ALARM CLOCK BAKELIKE PINK,0.0208,0.4222,13.22
ALARM CLOCK BAKELIKE PINK,ALARM CLOCK BAKELIKE RED,0.0208,0.6517,13.22
ALARM CLOCK BAKELIKE GREEN,ALARM CLOCK BAKELIKE IVORY,0.0161,0.362,13.16
ALARM CLOCK BAKELIKE IVORY,ALARM CLOCK BAKELIKE GREEN,0.0161,0.5863,13.16
VINTAGE HEADS AND TAILS CARD GAME,VINTAGE SNAP CARDS,0.0157,0.5615,12.75
VINTAGE SNAP CARDS,VINTAGE HEADS AND TAILS CARD GAME,0.0157,0.3575,12.75
ALARM CLOCK BAKELIKE GREEN,ALARM CLOCK BAKELIKE PINK,0.018,0.4029,12.62
ALARM CLOCK BAKELIKE PINK,ALARM CLOCK BAKELIKE GREEN,0.018,0.5621,12.62
COOK WITH WINE METAL SIGN,HAND OVER THE CHOCOLATE   SIGN,0.0167,0.4549,12.12
HAND OVER THE CHOCOLATE   SIGN,COOK WITH WINE METAL SIGN,0.0167,0.4454,12.12
CHOCOLATE HOT WATER BOTTLE,HOT WATER BOTTLE TEA AND SYMPATHY,0.0163,0.382,12.06
HOT WATER BOTTLE TEA AND SYMPATHY,CHOCOLATE HOT WATER BOTTLE,0.0163,0.5154,12.06
LOVE BUILDING BLOCK WORD,HOME BUILDING BLOCK WORD,0.017,0.4906,11.39
HOME BUILDING BLOCK WORD,LOVE BUILDING BLOCK WORD,0.017,0.3958,11.39
GIN + TONIC DIET METAL SIGN,COOK WITH WINE METAL SIGN,0.0172,0.4184,11.38
COOK WITH WINE METAL SIGN,GIN + TONIC DIET METAL SIGN,0.0172,0.4673,11.38
60 TEATIME FAIRY CAKE CASES,PACK OF 60 PINK PAISLEY CAKE CASES,0.0163,0.4276,11.14
PACK OF 60 PINK PAISLEY CAKE CASES,60 TEATIME FAIRY CAKE CASES,0.0163,0.4254,11.14
LUNCH BAG DOLLY GIRL DESIGN,LUNCH BAG SPACEBOY DESIGN,0.0204,0.6042,10.64
PAPER CHAIN KIT VINTAGE CHRISTMAS,PAPER CHAIN KIT 50'S CHRISTMAS,0.0284,0.6493,10.64
PAPER CHAIN KIT 50'S CHRISTMAS,PAPER CHAIN KIT VINTAGE CHRISTMAS,0.0284,0.4659,10.64
LUNCH BAG SPACEBOY DESIGN,LUNCH BAG DOLLY GIRL DESIGN,0.0204,0.3585,10.64
WOODEN PICTURE FRAME WHITE FINISH,WOODEN FRAME ANTIQUE WHITE,0.0298,0.5376,10.57
WOODEN FRAME ANTIQUE WHITE,WOODEN PICTURE FRAME WHITE FINISH,0.0298,0.5857,10.57
LUNCH BAG VINTAGE LEAF DESIGN,LUNCH BAG APPLE DESIGN,0.0181,0.5073,10.47
LUNCH BAG APPLE DESIGN,LUNCH BAG VINTAGE LEAF DESIGN,0.0181,0.3745,10.47
GIN + TONIC DIET METAL SIGN,HAND OVER THE CHOCOLATE   SIGN,0.0159,0.3883,10.34
HAND OVER THE CHOCOLATE   SIGN,GIN + TONIC DIET METAL SIGN,0.0159,0.4246,10.34
COOK WITH WINE METAL SIGN,PLEASE ONE PERSON METAL SIGN,0.0162,0.4407,10.31
PLEASE ONE PERSON METAL SIGN,COOK WITH WINE METAL SIGN,0.0162,0.379,10.31
LUNCH BAG APPLE DESIGN,LUNCH BAG ALPHABET DESIGN,0.0178,0.3678,9.52
LUNCH BAG ALPHABET DESIGN,LUNCH BAG APPLE DESIGN,0.0178,0.4613,9.52
LUNCH BAG SPACEBOY DESIGN,LUNCH BAG WOODLAND,0.0225,0.3963,9.07
LUNCH BAG WOODLAND,LUNCH BAG SPACEBOY DESIGN,0.0225,0.5149,9.07
PACK OF 72 RETROSPOT CAKE CASES,60 TEATIME FAIRY CAKE CASES,0.0189,0.3436,9.0
60 TEATIME FAIRY CAKE CASES,PACK OF 72 RETROSPOT CAKE CASES,0.0189,0.494,9.0
JUMBO BAG ALPHABET,JUMBO BAG APPLES,0.0165,0.366,8.99
JUMBO BAG APPLES,JUMBO BAG ALPHABET,0.0165,0.4058,8.99
JUMBO BAG VINTAGE LEAF,JUMBO BAG APPLES,0.0168,0.3653,8.97
JUMBO BAG APPLES,JUMBO BAG VINTAGE LEAF,0.0168,0.4137,8.97
PACK OF 60 DINOSAUR CAKE CASES,PACK OF 72 RETROSPOT CAKE CASES,0.0152,0.4916,8.95
PACK OF 72 RETROSPOT CAKE CASES,PACK OF 60 DINOSAUR CAKE CASES,0.0152,0.2761,8.95
PACK OF 72 RETROSPOT CAKE CASES,PACK OF 60 PINK PAISLEY CAKE CASES,0.0187,0.3412,8.89
PACK OF 60 PINK PAISLEY CAKE CASES,PACK OF 72 RETROSPOT CAKE CASES,0.0187,0.4881,8.89
JUMBO BAG PINK VINTAGE PAISLEY,JUMBO SHOPPER VINTAGE RED PAISLEY,0.0155,0.4322,8.87
JUMBO SHOPPER VINTAGE RED PAISLEY,JUMBO BAG PINK VINTAGE PAISLEY,0.0155,0.3191,8.87
JUMBO BAG STRAWBERRY,JUMBO BAG PINK POLKADOT,0.0185,0.4566,8.67
JUMBO BAG PINK POLKADOT,JUMBO BAG STRAWBERRY,0.0185,0.3506,8.67
PAINTED METAL PEARS ASSORTED,ASSORTED COLOUR BIRD ORNAMENT,0.0158,0.7254,8.59
ASSORTED COLOUR BIRD ORNAMENT,PAINTED METAL PEARS ASSORTED,0.0158,0.1872,8.59
JUMBO BAG APPLES,LUNCH BAG APPLE DESIGN,0.0166,0.4073,8.41
LUNCH BAG APPLE DESIGN,JUMBO BAG APPLES,0.0166,0.3423,8.41
HEART OF WICKER LARGE,HEART OF WICKER SMALL,0.0259,0.5044,8.39
HEART OF WICKER SMALL,HEART OF WICKER LARGE,0.0259,0.4307,8.39
LUNCH BAG SUKI DESIGN,LUNCH BAG DOLLY GIRL DESIGN,0.0154,0.2823,8.38
LUNCH BAG DOLLY GIRL DESIGN,LUNCH BAG SUKI DESIGN,0.0154,0.4556,8.38
LUNCH BAG CARS BLUE,LUNCH BAG WOODLAND,0.0208,0.3621,8.28
LUNCH BAG WOODLAND,LUNCH BAG CARS BLUE,0.0208,0.4747,8.28
JUMBO STORAGE BAG SUKI,JUMBO  BAG BAROQUE BLACK WHITE,0.0155,0.3306,8.18
JUMBO  BAG BAROQUE BLACK WHITE,JUMBO STORAGE BAG SUKI,0.0155,0.3833,8.18
CHOCOLATE HOT WATER BOTTLE,HOT WATER BOTTLE KEEP CALM,0.0157,0.3668,8.18
HOT WATER BOTTLE KEEP CALM,CHOCOLATE HOT WATER BOTTLE,0.0157,0.3498,8.18
JUMBO BAG PINK VINTAGE PAISLEY,JUMBO BAG PINK POLKADOT,0.0155,0.4304,8.17
JUMBO BAG PINK POLKADOT,JUMBO BAG PINK VINTAGE PAISLEY,0.0155,0.2938,8.17
LUNCH BAG CARS BLUE,LUNCH BAG PINK POLKADOT,0.0258,0.4495,8.16
LUNCH BAG PINK POLKADOT,LUNCH BAG CARS BLUE,0.0258,0.4675,8.16
LUNCH BAG SUKI DESIGN,LUNCH BAG APPLE DESIGN,0.0214,0.3935,8.12
LUNCH BAG APPLE DESIGN,LUNCH BAG SUKI DESIGN,0.0214,0.4416,8.12
LUNCH BAG PINK POLKADOT,LUNCH BAG  BLACK SKULL.,0.0288,0.5218,8.07
LUNCH BAG  BLACK SKULL.,LUNCH BAG PINK POLKADOT,0.0288,0.4447,8.07
LUNCH BAG VINTAGE LEAF DESIGN,LUNCH BAG SUKI DESIGN,0.0155,0.4327,7.96
LUNCH BAG SUKI DESIGN,LUNCH BAG VINTAGE LEAF DESIGN,0.0155,0.2847,7.96
LUNCH BAG WOODLAND,LUNCH BAG PINK POLKADOT,0.0186,0.4256,7.72
LUNCH BAG PINK POLKADOT,LUNCH BAG WOODLAND,0.0186,0.3377,7.72
LUNCH BAG PINK POLKADOT,LUNCH BAG RED RETROSPOT,0.0306,0.5561,7.63
LUNCH BAG RED RETROSPOT,LUNCH BAG PINK POLKADOT,0.0306,0.4205,7.63
LUNCH BAG SUKI DESIGN,LUNCH BAG CARS BLUE,0.0236,0.4342,7.58
LUNCH BAG SUKI DESIGN,LUNCH BAG WOODLAND,0.018,0.3313,7.58
LUNCH BAG WOODLAND,LUNCH BAG SUKI DESIGN,0.018,0.4122,7.58
LUNCH BAG CARS BLUE,LUNCH BAG SUKI DESIGN,0.0236,0.412,7.58
JUMBO BAG ALPHABET,JUMBO BAG VINTAGE LEAF,0.0157,0.3473,7.53
JUMBO BAG VINTAGE LEAF,JUMBO BAG ALPHABET,0.0157,0.3399,7.53
LUNCH BAG WOODLAND,LUNCH BAG APPLE DESIGN,0.0159,0.3646,7.52
LUNCH BAG APPLE DESIGN,LUNCH BAG WOODLAND,0.0159,0.3289,7.52
LUNCH BAG  BLACK SKULL.,LUNCH BAG WOODLAND,0.0211,0.326,7.46
LUNCH BAG WOODLAND,LUNCH BAG  BLACK SKULL.,0.0211,0.4821,7.46
JAM MAKING SET PRINTED,JAM MAKING SET WITH JARS,0.0168,0.3627,7.44
JAM MAKING SET WITH JARS,JAM MAKING SET PRINTED,0.0168,0.3453,7.44
LUNCH BAG WOODLAND,LUNCH BAG RED RETROSPOT,0.0237,0.5417,7.43
LUNCH BAG RED RETROSPOT,LUNCH BAG WOODLAND,0.0237,0.325,7.43
JUMBO BAG PINK POLKADOT,JUMBO  BAG BAROQUE BLACK WHITE,0.0158,0.3,7.43
JUMBO  BAG BAROQUE BLACK WHITE,JUMBO BAG PINK POLKADOT,0.0158,0.3913,7.43
LUNCH BAG ALPHABET DESIGN,LUNCH BAG SUKI DESIGN,0.0155,0.4024,7.4
LUNCH BAG SUKI DESIGN,LUNCH BAG ALPHABET DESIGN,0.0155,0.2859,7.4
LUNCH BAG  BLACK SKULL.,LUNCH BAG DOLLY GIRL DESIGN,0.016,0.2475,7.34
LUNCH BAG DOLLY GIRL DESIGN,LUNCH BAG  BLACK SKULL.,0.016,0.4749,7.34
LUNCH BAG SPACEBOY DESIGN,LUNCH BAG SUKI DESIGN,0.0226,0.3986,7.33
LUNCH BAG SUKI DESIGN,LUNCH BAG SPACEBOY DESIGN,0.0226,0.4163,7.33
LUNCH BAG  BLACK SKULL.,LUNCH BAG SUKI DESIGN,0.0256,0.3954,7.27
LUNCH BAG SUKI DESIGN,LUNCH BAG  BLACK SKULL.,0.0256,0.4701,7.27
LUNCH BAG SPACEBOY DESIGN,LUNCH BAG CARS BLUE,0.0236,0.4158,7.26
LUNCH BAG CARS BLUE,LUNCH BAG SPACEBOY DESIGN,0.0236,0.412,7.26
LUNCH BAG PINK POLKADOT,LUNCH BAG SUKI DESIGN,0.0217,0.3932,7.23
LUNCH BAG SUKI DESIGN,LUNCH BAG PINK POLKADOT,0.0217,0.3983,7.23
JUMBO STORAGE BAG SUKI,JUMBO BAG PINK POLKADOT,0.0176,0.3764,7.14
JUMBO BAG PINK POLKADOT,JUMBO STORAGE BAG SUKI,0.0176,0.3346,7.14
SET OF 6 SPICE TINS PANTRY DESIGN,SET OF 3 CAKE TINS PANTRY DESIGN,0.0177,0.461,7.09
SET OF 3 CAKE TINS PANTRY DESIGN,SET OF 6 SPICE TINS PANTRY DESIGN,0.0177,0.2723,7.09
LUNCH BAG RED RETROSPOT,LUNCH BAG DOLLY GIRL DESIGN,0.0174,0.2384,7.07
LUNCH BAG DOLLY GIRL DESIGN,LUNCH BAG RED RETROSPOT,0.0174,0.5154,7.07
LUNCH BAG CARS BLUE,LUNCH BAG  BLACK SKULL.,0.0261,0.4563,7.06
LUNCH BAG  BLACK SKULL.,LUNCH BAG CARS BLUE,0.0261,0.4044,7.06
LUNCH BAG SPACEBOY DESIGN,LUNCH BAG PINK POLKADOT,0.0217,0.3826,6.94
LUNCH BAG PINK POLKADOT,LUNCH BAG SPACEBOY DESIGN,0.0217,0.3943,6.94
JUMBO SHOPPER VINTAGE RED PAISLEY,JUMBO STORAGE BAG SUKI,0.0157,0.3231,6.9
JUMBO STORAGE BAG SUKI,JUMBO SHOPPER VINTAGE RED PAISLEY,0.0157,0.3361,6.9
LUNCH BAG SPACEBOY DESIGN,LUNCH BAG  BLACK SKULL.,0.0253,0.4456,6.89
LUNCH BAG  BLACK SKULL.,LUNCH BAG SPACEBOY DESIGN,0.0253,0.3913,6.89
JUMBO BAG STRAWBERRY,JUMBO BAG RED RETROSPOT,0.0257,0.635,6.81
JUMBO BAG RED RETROSPOT,JUMBO BAG STRAWBERRY,0.0257,0.2756,6.81
LUNCH BAG RED RETROSPOT,LUNCH BAG SUKI DESIGN,0.0267,0.3661,6.73
LUNCH BAG SUKI DESIGN,LUNCH BAG RED RETROSPOT,0.0267,0.4904,6.73
LUNCH BAG VINTAGE LEAF DESIGN,LUNCH BAG  BLACK SKULL.,0.0155,0.4345,6.72
LUNCH BAG  BLACK SKULL.,LUNCH BAG VINTAGE LEAF DESIGN,0.0155,0.2404,6.72
JUMBO BAG PINK POLKADOT,JUMBO BAG RED RETROSPOT,0.0329,0.6247,6.7
JUMBO BAG RED RETROSPOT,JUMBO BAG PINK POLKADOT,0.0329,0.3531,6.7
LUNCH BAG  BLACK SKULL.,LUNCH BAG RED RETROSPOT,0.0315,0.4869,6.68
LUNCH BAG RED RETROSPOT,LUNCH BAG  BLACK SKULL.,0.0315,0.4321,6.68
LUNCH BAG PINK POLKADOT,LUNCH BAG APPLE DESIGN,0.0174,0.3152,6.5
LUNCH BAG APPLE DESIGN,LUNCH BAG PINK POLKADOT,0.0174,0.3584,6.5
LUNCH BAG SPACEBOY DESIGN,LUNCH BAG RED RETROSPOT,0.0267,0.4696,6.45
LUNCH BAG RED RETROSPOT,LUNCH BAG SPACEBOY DESIGN,0.0267,0.3661,6.45
LUNCH BAG CARS BLUE,LUNCH BAG RED RETROSPOT,0.0269,0.4688,6.43
LUNCH BAG RED RETROSPOT,LUNCH BAG CARS BLUE,0.0269,0.3688,6.43
JUMBO BAG SCANDINAVIAN BLUE PAISLEY,JUMBO BAG RED RETROSPOT,0.0161,0.5863,6.29
JUMBO BAG RED RETROSPOT,JUMBO BAG SCANDINAVIAN BLUE PAISLEY,0.0161,0.1731,6.29
LUNCH BAG CARS BLUE,LUNCH BAG APPLE DESIGN,0.0174,0.3042,6.28
LUNCH BAG APPLE DESIGN,LUNCH BAG CARS BLUE,0.0174,0.3597,6.28
LUNCH BAG  BLACK SKULL.,LUNCH BAG APPLE DESIGN,0.0196,0.3038,6.27
LUNCH BAG APPLE DESIGN,LUNCH BAG  BLACK SKULL.,0.0196,0.4054,6.27
LUNCH BAG APPLE DESIGN,LUNCH BAG SPACEBOY DESIGN,0.0172,0.3544,6.24
LUNCH BAG SPACEBOY DESIGN,LUNCH BAG APPLE DESIGN,0.0172,0.3024,6.24
LUNCH BAG RED RETROSPOT,LUNCH BAG VINTAGE LEAF DESIGN,0.0162,0.2223,6.21
LUNCH BAG VINTAGE LEAF DESIGN,LUNCH BAG RED RETROSPOT,0.0162,0.4527,6.21
LUNCH BAG RED RETROSPOT,LUNCH BAG APPLE DESIGN,0.0217,0.2973,6.14
LUNCH BAG APPLE DESIGN,LUNCH BAG RED RETROSPOT,0.0217,0.447,6.14
WHITE HANGING HEART T-LIGHT HOLDER,CANDLEHOLDER PINK HANGING HEART,0.0153,0.1259,6.13
CANDLEHOLDER PINK HANGING HEART,WHITE HANGING HEART T-LIGHT HOLDER,0.0153,0.7437,6.13
JUMBO STORAGE BAG SUKI,JUMBO BAG RED RETROSPOT,0.0265,0.5667,6.08
JUMBO BAG RED RETROSPOT,JUMBO STORAGE BAG SUKI,0.0265,0.2847,6.08
LUNCH BAG  BLACK SKULL.,LUNCH BAG ALPHABET DESIGN,0.0152,0.2344,6.07
LUNCH BAG ALPHABET DESIGN,LUNCH BAG  BLACK SKULL.,0.0152,0.3923,6.07
JUMBO  BAG BAROQUE BLACK WHITE,JUMBO BAG RED RETROSPOT,0.0226,0.5588,5.99
JUMBO BAG RED RETROSPOT,JUMBO  BAG BAROQUE BLACK WHITE,0.0226,0.2421,5.99
PINK REGENCY TEACUP AND SAUCER,REGENCY CAKESTAND 3 TIER,0.0172,0.5419,5.99
REGENCY CAKESTAND 3 TIER,PINK REGENCY TEACUP AND SAUCER,0.0172,0.1905,5.99
JUMBO BAG RED RETROSPOT,JUMBO BAG PINK VINTAGE PAISLEY,0.0196,0.2107,5.86
JUMBO BAG PINK VINTAGE PAISLEY,JUMBO BAG RED RETROSPOT,0.0196,0.5461,5.86
GREEN REGENCY TEACUP AND SAUCER,REGENCY CAKESTAND 3 TIER,0.0209,0.5245,5.8
REGENCY CAKESTAND 3 TIER,GREEN REGENCY TEACUP AND SAUCER,0.0209,0.2308,5.8
REGENCY CAKESTAND 3 TIER,ROSES REGENCY TEACUP AND SAUCER,0.0229,0.2531,5.76
ROSES REGENCY TEACUP AND SAUCER,REGENCY CAKESTAND 3 TIER,0.0229,0.5215,5.76
JUMBO BAG RED RETROSPOT,JUMBO STORAGE BAG SKULLS,0.0155,0.1668,5.72
JUMBO STORAGE BAG SKULLS,JUMBO BAG RED RETROSPOT,0.0155,0.5335,5.72
LUNCH BAG ALPHABET DESIGN,LUNCH BAG RED RETROSPOT,0.0155,0.4024,5.52
LUNCH BAG RED RETROSPOT,LUNCH BAG ALPHABET DESIGN,0.0155,0.2134,5.52
RED HANGING HEART T-LIGHT HOLDER,WHITE HANGING HEART T-LIGHT HOLDER,0.0278,0.6687,5.51
WHITE HANGING HEART T-LIGHT HOLDER,RED HANGING HEART T-LIGHT HOLDER,0.0278,0.2294,5.51
JUMBO BAG APPLES,JUMBO BAG RED RETROSPOT,0.0204,0.5,5.36
JUMBO BAG RED RETROSPOT,JUMBO BAG APPLES,0.0204,0.2184,5.36
JUMBO SHOPPER VINTAGE RED PAISLEY,JUMBO BAG RED RETROSPOT,0.0243,0.498,5.34
JUMBO BAG RED RETROSPOT,JUMBO SHOPPER VINTAGE RED PAISLEY,0.0243,0.2603,5.34
LUNCH BAG PINK POLKADOT,JUMBO BAG PINK POLKADOT,0.015,0.2727,5.18
JUMBO BAG PINK POLKADOT,LUNCH BAG PINK POLKADOT,0.015,0.2852,5.18
JUMBO BAG RED RETROSPOT,JUMBO BAG VINTAGE DOILY,0.0172,0.1849,5.03
JUMBO BAG VINTAGE DOILY,JUMBO BAG RED RETROSPOT,0.0172,0.469,5.03
RECIPE BOX PANTRY YELLOW DESIGN,SET OF 3 CAKE TINS PANTRY DESIGN,0.0159,0.3266,5.03
SET OF 3 CAKE TINS PANTRY DESIGN,RECIPE BOX PANTRY YELLOW DESIGN,0.0159,0.2442,5.03
JUMBO BAG VINTAGE LEAF,JUMBO BAG RED RETROSPOT,0.0211,0.457,4.9
JUMBO BAG RED RETROSPOT,JUMBO BAG VINTAGE LEAF,0.0211,0.2261,4.9
PARTY BUNTING,SPOTTY BUNTING,0.0234,0.2816,4.78
SPOTTY BUNTING,PARTY BUNTING,0.0234,0.3967,4.78
JUMBO BAG ALPHABET,JUMBO BAG RED RETROSPOT,0.0181,0.402,4.31
JUMBO BAG RED RETROSPOT,JUMBO BAG ALPHABET,0.0181,0.1947,4.31
JUMBO BAG RED RETROSPOT,RED RETROSPOT CHARLOTTE BAG,0.0154,0.1647,4.14
RED RETROSPOT CHARLOTTE BAG,JUMBO BAG RED RETROSPOT,0.0154,0.3863,4.14
LUNCH BAG RED RETROSPOT,JUMBO BAG RED RETROSPOT,0.0245,0.3366,3.61
JUMBO BAG RED RETROSPOT,LUNCH BAG RED RETROSPOT,0.0245,0.2631,3.61
LUNCH BAG PINK POLKADOT,JUMBO BAG RED RETROSPOT,0.0165,0.2987,3.2
JUMBO BAG RED RETROSPOT,LUNCH BAG PINK POLKADOT,0.0165,0.1766,3.2
WHITE HANGING HEART T-LIGHT HOLDER,HEART OF WICKER LARGE,0.0186,0.1533,2.99
HEART OF WICKER LARGE,WHITE HANGING HEART T-LIGHT HOLDER,0.0186,0.3625,2.99
WHITE HANGING HEART T-LIGHT HOLDER,WOODEN PICTURE FRAME WHITE FINISH,0.0198,0.1635,2.95
WOODEN PICTURE FRAME WHITE FINISH,WHITE HANGING HEART T-LIGHT HOLDER,0.0198,0.358,2.95
LUNCH BAG CARS BLUE,JUMBO BAG RED RETROSPOT,0.0151,0.2633,2.83
JUMBO BAG RED RETROSPOT,LUNCH BAG CARS BLUE,0.0151,0.1619,2.83
LUNCH BAG  BLACK SKULL.,JUMBO BAG RED RETROSPOT,0.017,0.2626,2.82
JUMBO BAG RED RETROSPOT,LUNCH BAG  BLACK SKULL.,0.017,0.1821,2.82
WOODEN FRAME ANTIQUE WHITE,WHITE HANGING HEART T-LIGHT HOLDER,0.0163,0.3197,2.63
WHITE HANGING HEART T-LIGHT HOLDER,WOODEN FRAME ANTIQUE WHITE,0.0163,0.134,2.63
NATURAL SLATE HEART CHALKBOARD,WHITE HANGING HEART T-LIGHT HOLDER,0.017,0.2785,2.29
WHITE HANGING HEART T-LIGHT HOLDER,NATURAL SLATE HEART CHALKBOARD,0.017,0.1399,2.29
WHITE HANGING HEART T-LIGHT HOLDER,HEART OF WICKER SMALL,0.0166,0.1367,2.27
HEART OF WICKER SMALL,WHITE HANGING HEART T-LIGHT HOLDER,0.0166,0.276,2.27
PARTY BUNTING,WHITE HANGING HEART T-LIGHT HOLDER,0.0175,0.211,1.74
WHITE HANGING HEART T-LIGHT HOLDER,PARTY BUNTING,0.0175,0.1442,1.74
ASSORTED COLOUR BIRD ORNAMENT,WHITE HANGING HEART T-LIGHT HOLDER,0.0167,0.1972,1.62
WHITE HANGING HEART T-LIGHT HOLDER,ASSORTED COLOUR BIRD ORNAMENT,0.0167,0.1372,1.62
WHITE HANGING HEART T-LIGHT HOLDER,JUMBO BAG RED RETROSPOT,0.0157,0.1292,1.39
JUMBO BAG RED RETROSPOT,WHITE HANGING HEART T-LIGHT HOLDER,0.0157,0.1682,1.39
